alpha,macro_f1,is_degenerate_alpha
0.0,0.9949329887765701,False
0.05,0.9949329887765701,False
0.1,0.9949329887765701,False
0.15,0.9949329887765701,False
0.2,0.9949329887765701,False
0.25,0.9949329887765701,False
0.3,1.0,False
0.35,1.0,False
0.4,1.0,False
0.45,0.9949329887765701,False
0.5,0.9695616883116883,True
0.55,1.0,False
0.6,1.0,False
0.65,1.0,False
0.7,1.0,False
0.75,1.0,False
0.8,1.0,False
0.85,1.0,False
0.9,1.0,False
0.95,1.0,False
1.0,1.0,False
